Dataset_ID	TCGA-HNSC-L3-S92
Source	TCGA
Platform	MDA_RPPA_Core
Sample_Type	patient tumor
Included_In_Summary	yes
Cancer_Type	Head and Neck squamous cell carcinoma
RPPA_Batch_ID	92
Species	Homo sapiens
Num_Samples	143
Num_Antibodies	220
Normalization_Method	Loading control
Normalization_Description	(1) median center the protein columns across samples based on level 2 data; (2) median center the sample rows across proteins by subtracting each sample median.
Dataset_Description	Head and Neck squamous cell carcinoma (HNSC) batch 92
Comments	NA
Reference	NA
PMID	NA
TCPA_Release	"4.0"
