Dataset_ID	MDACC-ENDOMETRIAL-L3-S40
Source	MDACC
Platform	MDA_RPPA_Core
Sample_Type	patient tumor
Included_In_Summary	yes
Cancer_Type	Endometrial carcinoma
RPPA_Batch_ID	40
Species	Homo sapiens
Num_Samples	244
Num_Antibodies	233
Normalization_Method	Loading Control
Normalization_Description	(1) median center the protein columns across samples based on level 2 data; (2) median center the sample rows across proteins by subtracting each sample median.
Dataset_Description	Endometrial patient tumor samples from MD Anderson Cancer Center.
Comments	NA
Reference	NA
PMID	NA
TCPA_Release	"4.0"
