Dataset_ID	TCGA-KIRC-L3-S40
Source	TCGA
Platform	MDA_RPPA_Core
Sample_Type	patient tumor
Included_In_Summary	yes
Cancer_Type	Kidney renal clear cell carcinoma
RPPA_Batch_ID	40
Species	Homo sapiens
Num_Samples	445
Num_Antibodies	233
Normalization_Method	Loading control
Normalization_Description	(1) median center the protein columns across samples based on level 2 data; (2) median center the sample rows across proteins by subtracting each sample median.
Dataset_Description	Kidney renal clear cell carcinoma (KIRC) batch 40
Comments	NA
Reference	NA
PMID	NA
TCPA_Release	"4.0"
