Dataset_ID	TCGA-THCA-L3-S71
Source	TCGA
Platform	MDA_RPPA_Core
Sample_Type	patient tumor
Included_In_Summary	yes
Cancer_Type	Thyroid carcinoma
RPPA_Batch_ID	71
Species	Homo sapiens
Num_Samples	150
Num_Antibodies	219
Normalization_Method	Loading control
Normalization_Description	(1) median center the protein columns across samples based on level 2 data; (2) median center the sample rows across proteins by subtracting each sample median.
Dataset_Description	Thyroid carcinoma (THCA) batch 71
Comments	NA
Reference	NA
PMID	NA
TCPA_Release	"4.0"
