Dataset_ID	OTHER-OVARIAN_JAPAN-L3-S54
Source	OTHER
Platform	MDA_RPPA_Core
Sample_Type	patient tumor
Included_In_Summary	yes
Cancer_Type	Ovarian Cancer
RPPA_Batch_ID	54
Species	Homo sapiens
Num_Samples	130
Num_Antibodies	217
Normalization_Method	Loading Control
Normalization_Description	(1) median center the sample rows across proteins by subtracting each sample median; (2) median center the protein columns across samples based on level 2 data; 
Dataset_Description	Ovarian cancer patient tumor samples from The Japanese Serous Ovarian Cancer Study Group (multiple centers)
Comments	NA
Reference	NA
PMID	NA
TCPA_Release	"4.0"
