Dataset_ID	TCGA-BLCA-L3-S64
Source	TCGA
Platform	MDA_RPPA_Core
Sample_Type	patient tumor
Included_In_Summary	yes
Cancer_Type	Bladder Urothelial Carcinoma
RPPA_Batch_ID	64
Species	Homo sapiens
Num_Samples	127
Num_Antibodies	223
Normalization_Method	Loading control
Normalization_Description	(1) median center the protein columns across samples based on level 2 data; (2) median center the sample rows across proteins by subtracting each sample median.
Dataset_Description	Bladder Urothelial Carcinoma (BLCA) batch 64
Comments	NA
Reference	NA
PMID	NA
TCPA_Release	"4.0"
