Dataset_ID	TCGA-LIHC-L3-S93
Source	TCGA
Platform	MDA_RPPA_Core
Sample_Type	patient tumor
Included_In_Summary	yes
Cancer_Type	Liver hepatocellular carcinoma
RPPA_Batch_ID	93
Species	Homo sapiens
Num_Samples	184
Num_Antibodies	220
Normalization_Method	Loading control
Normalization_Description	(1) median center the protein columns across samples based on level 2 data; (2) median center the sample rows across proteins by subtracting each sample median.
Dataset_Description	Liver hepatocellular carcinoma (LIHC) batch 93
Comments	NA
Reference	NA
PMID	NA
TCPA_Release	"4.0"
