Dataset_ID	TCGA-GBM-L3-S42
Source	TCGA
Platform	MDA_RPPA_Core
Sample_Type	patient tumor
Included_In_Summary	yes
Cancer_Type	Glioblastoma multiforme
RPPA_Batch_ID	42
Species	Homo sapiens
Num_Samples	203
Num_Antibodies	223
Normalization_Method	Loading control
Normalization_Description	(1) median center the protein columns across samples based on level 2 data; (2) median center the sample rows across proteins by subtracting each sample median.
Dataset_Description	Glioblastoma multiforme (GBM) batch 42
Comments	NA
Reference	NA
PMID	NA
TCPA_Release	"4.0"
