Dataset_ID	TCGA-ESCA-L4
Source	TCGA
Platform	MDA_RPPA_Core
Sample_Type	patient tumor
Included_In_Summary	yes
Cancer_Type	Esophageal carcinoma 
RPPA_Batch_ID	NA
Species	Homo sapiens
Num_Samples	126
Num_Antibodies	217
Normalization_Method	Replicates-based normalization (RBN)
Normalization_Description	Using replicate samples that are common between batches, RBN adjusts the means and standard deviations of all the antibodies in the batches so that the means and standard deviations of the replicates become the same in all the batches.
Dataset_Description	Esophageal carcinoma  (ESCA) replicates-based normalization data
Comments	NA
Reference	NA
PMID	NA
TCPA_Release	"4.0"
