Dataset_ID	TCGA-PANCAN19-L4
Source	TCGA
Platform	MDA_RPPA_Core
Sample_Type	patient tumor
Included_In_Summary	yes
Cancer_Type	ACC,BLCA,BRCA,COAD,GBM,HNSC,KIRC,KIRP,LGG,LUAD,LUSC,OV,PAAD,PRAD,READ,SKCM,STAD,THCA,UCEC
RPPA_Batch_ID	NA
Species	Homo sapiens
Num_Samples	5157
Num_Antibodies	258
Normalization_Method	Replicates-based normalization (RBN)
Normalization_Description	Using replicate samples that are common between batches, RBN adjusts the means and standard deviations of all the antibodies in the batches so that the means and standard deviations of the replicates become the same in all the batches.
Dataset_Description	TCGA PanCan19 replicats-based normalization data, which combines samples of ACC,BLCA,BRCA,COAD,GBM,HNSC,KIRC,KIRP,LGG,LUAD,LUSC,OV,PAAD,PRAD,READ,SKCM,STAD,THCA,UCEC.
Comments	NA
Reference	NA
PMID	NA
TCPA_Release	"4.0"
