Dataset_ID	TCGA-LGG-L3-S93
Source	TCGA
Platform	MDA_RPPA_Core
Sample_Type	patient tumor
Included_In_Summary	yes
Cancer_Type	Brain Lower Grade Glioma
RPPA_Batch_ID	93
Species	Homo sapiens
Num_Samples	170
Num_Antibodies	220
Normalization_Method	Loading control
Normalization_Description	(1) median center the protein columns across samples based on level 2 data; (2) median center the sample rows across proteins by subtracting each sample median.
Dataset_Description	Brain Lower Grade Glioma (LGG) batch 93
Comments	NA
Reference	NA
PMID	NA
TCPA_Release	"4.0"
