Dataset_ID	TCGA-OV-L3-S35
Source	TCGA
Platform	MDA_RPPA_Core
Sample_Type	patient tumor
Included_In_Summary	yes
Cancer_Type	Ovarian serous cystadenocarcinoma
RPPA_Batch_ID	35
Species	Homo sapiens
Num_Samples	408
Num_Antibodies	224
Normalization_Method	Loading control
Normalization_Description	(1) median center the protein columns across samples based on level 2 data; (2) median center the sample rows across proteins by subtracting each sample median.
Dataset_Description	Ovarian serous cystadenocarcinoma (OV) batch 35
Comments	NA
Reference	NA
PMID	NA
TCPA_Release	"4.0"
