Dataset_ID	CONTRIB-TCPA00000002
Source	CONTRIB
Platform	MDA_RPPA_Core
Sample_Type	patient tumor
Included_In_Summary	yes
Cancer_Type	BLCA,BRCA,COAD,GBM,HNSC,KIRC,LUAD,LUSC,OVCA,READ,UCEC
RPPA_Batch_ID	NA
Species	Homo sapiens
Num_Samples	3467
Num_Antibodies	181
Normalization_Method	Replicates-based normalization (RBN)
Normalization_Description	Using replicate samples that are common between batches, RBN adjusts the means and standard deviations of all the antibodies in the batches so that the means and standard deviations of the replicates become the same in all the batches.
Dataset_Description	TCGA PanCan11 Replicated Based Normalization data, which combines samples of BLCA,BRCA,COAD,GBM,HNSC,KIRC,LUAD,LUSC,OVCA,READ and UCEC.
Comments	NA
Reference	Akbani et. al., Nature Communications
PMID	24871328
TCPA_Release	"4.0"
