Dataset_ID	CONTRIB-TCPA00000003-1
Source	CONTRIB
Platform	MDA_RPPA_Core
Sample_Type	cell line
Included_In_Summary	yes
Cancer_Type	Breast, Cervix, Kindney, Liver, CNS, Ovarian, Sarcoma, Bladder, Thyroid, Colon, Pancreas, Leukemia, Melanoma
RPPA_Batch_ID	NA
Species	Homo sapiens
Num_Samples	179
Num_Antibodies	115
Normalization_Method	Loading Control
Normalization_Description	Loading Control
Dataset_Description	Normal glucose
Comments	NA
Reference	He et al., Int J Oncol
PMID	26573869
TCPA_Release	"4.0"
