Dataset_ID	TCGA-CHOL-L3-S95
Source	TCGA
Platform	MDA_RPPA_Core
Sample_Type	patient tumor
Included_In_Summary	yes
Cancer_Type	Cholangiocarcinoma
RPPA_Batch_ID	95
Species	Homo sapiens
Num_Samples	30
Num_Antibodies	219
Normalization_Method	Loading control
Normalization_Description	(1) median center the protein columns across samples based on level 2 data; (2) median center the sample rows across proteins by subtracting each sample median.
Dataset_Description	Cholangiocarcinoma (CHOL) batch 95
Comments	NA
Reference	NA
PMID	NA
TCPA_Release	"4.0"
